{
 "days": [
  0,
  1,
  2,
  3,
  4,
  5,
  6,
  7,
  8,
  9,
  10,
  11,
  12,
  13,
  14,
  15,
  16,
  17,
  18,
  19,
  20,
  21,
  22,
  23,
  24,
  25,
  26,
  27
 ],
 "effect_path": [
  0.5,
  0.42749230123119275,
  0.3681280184142558,
  0.3195246544376106,
  0.2797315856468886,
  0.24715177646857694,
  0.22047768476488086,
  0.1986387855766426,
  0.18075860719786216,
  0.16611955528863462,
  0.1541341132946451,
  0.14432126334493356,
  0.136287181315765,
  0.12970943128573356,
  0.12432402505008719,
  0.11991482734714559,
  0.1163048815913465,
  0.11334930798413044,
  0.11092948897891702,
  0.10894830874246625,
  0.10732625555549367,
  0.10599823072819109,
  0.10491093596122739,
  0.10402073429785344,
  0.10329189881960801,
  0.10269517879963419,
  0.10220662576830432,
  0.10180663237704507
 ],
 "estimates": {
  "first_week": 0.31791020236319767,
  "full_run": 0.1901418038554059,
  "post_burn_in": 0.13060968249577165
 },
 "expected": {
  "first_week": 0.3375008601376294,
  "full_run": 0.1785179389381811,
  "post_burn_in": 0.10356146239312336
 },
 "long_run_effect": 0.1
}