{
 "days": [
  1,
  2,
  3,
  4,
  5,
  6,
  7,
  8,
  9,
  10,
  11,
  12,
  13,
  14
 ],
 "naive_cumulative_fpr": [
  0.061,
  0.09875,
  0.1235,
  0.142,
  0.15675,
  0.17,
  0.1815,
  0.19175,
  0.2025,
  0.20925,
  0.2185,
  0.22625,
  0.235,
  0.24075
 ],
 "sequential_cumulative_fpr": [
  0.0,
  0.0,
  0.0,
  0.00025,
  0.00025,
  0.001,
  0.003,
  0.007,
  0.0105,
  0.016,
  0.02175,
  0.02975,
  0.0375,
  0.0495
 ],
 "boundaries": [
  8.02685888253454,
  5.815392944861427,
  4.702635905186555,
  4.037239524436521,
  3.586945568370489,
  3.2584912846885956,
  3.0059394341004766,
  2.8041407703238908,
  2.638162913845052,
  2.4985492615686407,
  2.3789948921721487,
  2.275117915852484,
  2.1837674688794895,
  2.102612763073905
 ],
 "z_crit": 1.9599639845400545,
 "alpha": 0.05,
 "n_sims": 4000
}